timestamp,price,volume
1762278701.1742716,3504.716825867948,839.0837453451232
1762278701.2775145,3503.931173568643,1195.0243247521482
1762278701.3904707,3502.776945686729,1039.8452638696704
1762278701.504949,3501.0140121971463,1100.016165571673
1762278701.6197665,3505.3865188481054,1002.2669233433213
1762278701.7274077,3505.876614325917,1129.2985969015112
1762278701.8416076,3507.91907326537,955.657801077321
1762278701.952971,3507.8899916689497,1067.9454838498696
1762278702.0675867,3506.46825565758,1032.8268138357423
1762278702.1677558,3507.609963190572,1143.7228992577066
1762278702.2763698,3504.8334424222985,1134.0164729910302
1762278702.3915763,3505.508448283639,852.7265882270517
1762278702.5067534,3504.0094898427465,1007.1182734294715
1762278702.6144755,3501.052854450418,1032.8265665162571
1762278702.7222688,3502.0215877863534,825.3247739077252
1762278702.8339612,3502.0811728978456,1097.607248931983
1762278702.9434636,3503.2672294161334,1141.6696042946342
1762278703.0478141,3500.3888833369138,989.7861702969029
1762278703.1625757,3510.640448335404,1052.5626452550557
1762278703.2771058,3515.6390545201,1115.5364601743402
1762278703.3922162,3516.328538433189,1154.1779411851926
1762278703.5070677,3513.4606773344626,907.7395905983403
1762278703.62112,3510.216576146394,929.1893256058388
1762278703.7213504,3515.948633524218,810.0101682361139
1762278703.8290083,3514.883454113257,1162.8886726744634
1762278703.9294944,3525.946997852136,1155.5496048936777
1762278704.0431087,3539.793456114925,1138.0204958718707
1762278704.1490753,3539.785013889627,1137.03178815644
1762278704.2603054,3543.687395551863,847.2584123516707
1762278704.3765066,3541.735545902312,1141.1260585324494
1762278704.491235,3544.078937776726,1181.8152536203424
1762278704.593783,3548.9445707985305,889.9403639568962
1762278704.6940181,3553.9149072837745,976.5628820345478
1762278704.8087437,3551.4745850963004,907.5609918676705
1762278704.9098375,3551.2299902124996,1018.064597327213
1762278705.0105,3553.433557941188,1056.1696699664303
1762278705.1262844,3557.9779528134163,890.4701165537084
1762278705.228895,3560.608191303828,1177.2397435888543
1762278705.331467,3560.9799499994433,941.272939540586
1762278705.443611,3564.952262137416,1098.924115246375
1762278705.5600188,3563.7147572335966,1077.739079432134
1762278705.6632016,3564.2710535438023,932.4016252446208
1762278705.7754543,3566.6256427184717,1135.6511468023414
1762278705.8791904,3575.370044812912,1099.109205334568
1762278705.9843075,3576.3159717868716,1020.4568591559735
1762278706.0956721,3584.0985387330325,1114.6807261278327
1762278706.202431,3584.560088005928,952.7304837556435
1762278706.3131912,3589.7549870321964,854.5209495899143
1762278706.417667,3591.380077145732,911.9826994052978
1762278706.53192,3597.1372369570263,987.3977507963773
1762278706.6459837,3601.600675894993,855.1506071832943
1762278706.7587867,3611.500489401003,1001.4012053706024
1762278706.8621504,3614.9168992023497,1002.8672997649078
1762278706.9768722,3617.3998108262504,1167.7069422665727
1762278707.0931218,3629.0856333170323,963.8046179457664
1762278707.1949468,3630.681832212121,1105.7530117741476
1762278707.3098059,3637.578707497244,1029.4300390634103
1762278707.4262903,3638.487796632469,905.3212860208155
1762278707.5422077,3644.227028206418,897.9658051621022
1762278707.658254,3650.3384666155703,1169.2838141671718
1762278707.760282,3654.3533998915427,1090.5614142204777
1762278707.875182,3657.3777433175055,1082.8239775867287
1762278707.976886,3656.369371179548,929.1938517250014
1762278708.0931315,3658.9948683330967,836.4330331006191
1762278708.2088192,3661.6217994298368,1178.1359160320244
1762278708.3249354,3674.079957325422,930.9568137719356
1762278708.4265757,3677.914184301466,999.265449872994
1762278708.5428073,3680.3905203998693,1085.0196410639196
1762278708.6593578,3683.459793575253,877.4999178242
1762278708.775024,3685.3680258299705,883.2781875701263
1762278708.8906543,3693.8230792531836,1139.1319536692777
1762278709.0009153,3698.882163745703,1108.1850731926747
1762278709.1153173,3699.5194890882262,1035.5756361749548
1762278709.222142,3701.6939458276847,935.3200794055211
1762278709.336433,3703.898044985869,922.7475694271277
1762278709.4495196,3713.468882075308,1196.807650158697
1762278709.562185,3715.7813916968635,1031.937204804269
1762278709.6747916,3720.6930897706893,989.6060807377228
1762278709.7899501,3728.3942441815266,1018.3039969649984
1762278709.8933527,3739.4841663659163,1115.7719703637206
1762278710.0083601,3747.419295522158,1150.5659898639624
1762278710.124603,3751.0310028315134,977.1376864440639
1762278710.2265577,3754.425941454693,1006.7969689855003
1762278710.3425314,3754.640879964429,1064.93217497479
1762278710.4574385,3755.3031107935853,877.6877470033415
1762278710.5592709,3759.9071285716923,831.4433416690206
1762278710.6597543,3765.2164630725915,1050.105166581186
1762278710.7752457,3770.8084734722206,1172.7116406400962
1762278710.876851,3773.4493350064113,845.9001424424314
1762278710.992414,3781.0737724453907,909.6697981649329
1762278711.0925105,3787.073893808157,1046.8106739167183
1762278711.2088308,3790.2926912810867,1186.2928984259306
1762278711.3245509,3795.0174233174903,1092.6603976674783
1762278711.4404483,3798.358494342183,1049.9305301288518
1762278711.5431406,3804.8608800566444,801.8293694719164
1762278711.658912,3803.1603469902902,951.8913767602254
1762278711.7592847,3814.605903835841,1133.5786792919487
1762278711.8751798,3819.0099463836123,1079.051036979411
1762278711.9910712,3826.6339552493796,1106.337235961039
1762278712.0935159,3828.544493532684,1031.5921337298946
1762278712.2088199,3832.329565161754,1104.9474374295319
1762278712.325121,3837.818269957719,1103.8932688148623
1762278712.4395957,3847.207240641993,1086.6008417322982
1762278712.5553288,3859.0934043313778,1181.142462408583
1762278712.6710157,3868.5561354313977,1142.9372910273416
1762278712.7752838,3874.6752193400253,1126.125882060854
1762278712.8762126,3882.3453868606653,909.7909128470362
1762278712.9755402,3880.6018050350076,1072.5378345049473
1762278713.0904136,3889.1703552470176,889.854302705412
1762278713.2000728,3897.0909178283428,1118.4435139885898
1762278713.3047726,3902.1679301517966,896.4890641064084
1762278713.4155629,3908.0895198629087,984.4326893069616
1762278713.5304165,3917.50456983435,1065.4116127757102
1762278713.6447947,3922.586887925929,1088.1675007038652
1762278713.7589595,3931.3449871693565,1049.8314781990907
1762278713.8751125,3937.5022359883947,823.3084835486455
1762278713.9912462,3940.0012523857863,920.6492079885722
1762278714.1060622,3948.7704528855575,1164.2011562123662
1762278714.2061512,3959.2782821828005,1057.8299686280495
1762278714.3083892,3968.6323424703587,1079.420824923302
1762278714.4114118,3970.881079393883,885.9285725107286
1762278714.5246923,3981.547728133397,988.1093530439554
1762278714.6264963,3983.0877268220847,832.9782470004507
1762278714.7410717,3983.959620717578,845.5916352654339
1762278714.856909,3988.6703717288665,1083.6705176106072
1762278714.9722476,3996.173501074671,1084.3693918477663
1762278715.075108,4002.7627857449957,1099.786962627071
1762278715.175122,4014.7714513694905,950.2961711931603
1762278715.2917464,4016.565532339728,924.8818577425119
1762278715.3919413,4023.210874977547,940.4925020936267
1762278715.5079129,4033.1797118849704,1112.3451603717915
1762278715.6230304,4047.5378962355435,957.454018669275
1762278715.7393355,4055.5983056650025,1178.6234506490744
1762278715.8415809,4069.9836911982184,1090.5074149105299
1762278715.942555,4079.2551155363094,939.7560863517108
1762278716.0425978,4085.388580209746,1084.5906596854193
1762278716.157803,4089.2347759466365,827.5075035930747
1762278716.2740998,4094.7143939145208,949.6196484272242
1762278716.3901782,4105.804827698797,954.271934051721
1762278716.5057497,4118.152868600393,879.1340876810814
1762278716.6091235,4129.220633752044,991.1753220947185
1762278716.7241762,4143.231376437556,917.3446593650292
1762278716.8395743,4150.015882680593,1048.7229345214432
1762278716.954317,4169.376008481991,1031.3560858005308
1762278717.059089,4168.889050487503,930.949382540147
1762278717.1736627,4178.799996915495,1033.1558806551736
1762278717.2738717,4189.931425047862,1175.9931959809705
1762278717.389419,4197.587806829166,876.3992873616979
1762278717.500122,4204.476542985533,875.0864265441488
1762278717.6149712,4215.534970262548,1127.955912497417
1762278717.715243,4224.149177564196,1099.0599534851472
1762278717.8256576,4248.096652040073,854.8875795791247
1762278717.9415913,4248.4464462065025,1135.2981923997793
1762278718.0552478,4261.227057870169,908.4517801016174
1762278718.1717854,4271.260633001241,975.2252123795087
1762278718.2879195,4274.613498236657,1005.6726481954224
1762278718.404207,4284.018466760726,837.7386817573794
1762278718.5199928,4297.790391602083,973.0098617548282
1762278718.6253114,4313.553032218757,921.4957168217978
1762278718.7405622,4318.340938935834,851.2247001258205
1762278718.8560004,4318.97119037121,920.9365272380529
1762278718.9723332,4330.660909443322,842.2648327767852
1762278719.0759678,4336.112577445544,896.260350763423
1762278719.1935587,4344.360149461956,825.472349372805
1762278719.308101,4344.589732813769,996.5539526343106
1762278719.423168,4357.421941160211,1180.3501169234385
1762278719.5253386,4370.566743200743,801.2157660388535
1762278719.6410418,4382.1028324309445,858.7969387751008
1762278719.7572253,4382.913321644974,1071.419360474472
1762278719.8587265,4396.9210371718955,914.6561180770725
1762278719.974518,4401.367442986236,887.6497286922878
1762278720.089387,4414.714000117728,850.1492423497431
1762278720.1910262,4420.016264996664,840.1254518095717
1762278720.2917354,4428.438635186973,1156.5279265727195
1762278720.4098258,4435.218020559967,1030.0153746311805
1762278720.5232537,4435.850844172223,1161.5745491055025
1762278720.637643,4448.269802739459,1043.7200646795009
1762278720.737729,4464.60628537333,1127.4977575604705
1762278720.841942,4469.369426879991,904.8396115696225
1762278720.9582703,4480.7206968783785,900.5259121241405
1762278721.0739639,4492.464296919932,1102.3870617688356
1762278721.1900046,4499.025513257224,929.2585425860732
1762278721.2924302,4507.399419215112,1094.6807250030442
1762278721.4119337,4521.195865650279,801.3045769258401
1762278721.5189986,4535.128624474685,820.1754921952834
1762278721.6298158,4538.15329102568,1132.1880671901304
1762278721.7431412,4544.737125040816,903.6924370904796
1762278721.8607547,4556.778996915566,838.9572116557805
1762278721.9614348,4562.511372234529,1044.991634466348
1762278722.0748837,4573.8422587550795,947.7390558526124
1762278722.174926,4580.302175406374,1058.1804617281132
1762278722.2750885,4585.664535464001,1175.6176574666254
1762278722.3904932,4594.138760012194,894.7406523117654
1762278722.5066106,4599.750219400912,1148.6764553596977
1762278722.6098592,4605.624751286817,925.7530831000406
1762278722.7238152,4622.295559493362,870.0004462091489
1762278722.8248796,4632.005555928568,1140.540451884524
1762278722.940893,4639.5856409176,1002.5137230681903
1762278723.040895,4648.069584617564,874.1457837596132
1762278723.1556048,4659.653060286046,909.4114688174101
1762278723.2715113,4661.372133618989,980.8233679412851
1762278723.3872526,4669.424733590465,1080.6007138072189
1762278723.503138,4679.687351735144,1049.47440434508
1762278723.619747,4685.627634232498,904.8693671782964
1762278723.7346709,4685.823702059288,1069.5536242464823
1762278723.8415546,4694.518294068045,1102.8855633015637
1762278723.9575267,4707.988707703515,892.4286156177964
1762278724.0576658,4717.400593179964,1034.745858888662
1762278724.173547,4726.4152692750495,978.5197714065562
1762278724.274534,4731.19647506172,1151.5234599889027
1762278724.3907702,4747.271932648799,811.3108109412503
1762278724.506021,4760.494047043549,885.0425084664746
1762278724.6217651,4767.096663404817,1134.1891398225173
1762278724.723417,4775.6156324351805,973.9354959521077
1762278724.839454,4789.307295956742,1166.4583339446237
1762278724.9549851,4798.62110534822,884.9616590922731
1762278725.057164,4801.334118109328,1088.4718325927875
1762278725.1728764,4809.137401646573,1104.8317071006625
1762278725.2881322,4816.35825493669,856.2367382038786
1762278725.3884437,4824.090867223877,1054.451813946231
1762278725.4996226,4834.581989876231,815.5573650270333
1762278725.6300077,4848.219767272185,838.3862728216827
1762278725.745642,4859.5943734972025,1154.3729619320784
1762278725.8465576,4868.911990909257,961.9271047325819
1762278725.9579465,4874.564957066614,1041.2795993665163
1762278726.073667,4885.363332649936,891.6649567320472
1762278726.1879416,4899.459768671368,1154.6583824130762
1762278726.3031237,4901.935918599,943.0840661489046
1762278726.4092672,4912.383377758579,967.6222965487129
1762278726.5227294,4920.505969490297,1082.9051076929968
1762278726.6387134,4927.179872254104,915.0618370549607
1762278726.7548492,4936.973460983076,892.4121227082857
1762278726.8578293,4944.289856164755,1129.0686544524551
1762278726.9733622,4951.472991200999,806.8332417240405
1762278727.0895133,4955.348718642278,1010.2150139086755
1762278727.205621,4962.114988565487,940.2536267705127
1762278727.3206382,4963.034804099026,1058.7667875122888
1762278727.436523,4972.26442413948,1080.8856614087126
1762278727.552952,4976.626047465926,1101.066100808627
1762278727.657561,4980.603920640394,818.001715223597
1762278727.773719,4994.874262770582,1170.2738412985511
1762278727.8891604,5007.800324870411,1160.591673206456
1762278727.9891648,5012.903493855375,814.5611272871085
1762278728.105335,5011.921828830009,887.1514718777246
1762278728.2218995,5016.08355005464,994.6731142925069
1762278728.32416,5017.230222633219,1134.253361015382
1762278728.4399538,5017.735505320416,832.2076431786661
1762278728.556032,5021.633505022076,1166.3062864803424
1762278728.6565843,5017.085850753272,1083.801671569004
1762278728.7575026,5029.134046282935,920.2242834024703
1762278728.8731167,5039.670233584042,1191.1024189039904
1762278728.9732454,5051.028759947364,1105.7897806255546
1762278729.08864,5056.294063363105,912.7460632442059
1762278729.203938,5066.4501407716625,1030.5682984538812
1762278729.307971,5067.821714538871,1012.9795585769816
1762278729.4231906,5076.411437899906,1163.2480559362475
1762278729.5392065,5083.931948835153,1170.0412134091152
1762278729.639231,5091.652897650753,925.5492087440139
1762278729.755049,5099.604841242664,1016.0616326645817
1762278729.8565295,5107.677470431245,1075.7708372968586
1762278729.9571443,5101.919358171807,1088.0899754632355
1762278730.0734134,5106.263810095233,905.3770834707052
1762278730.1883016,5105.742443542131,1177.849372679702
1762278730.289473,5105.8262942923275,1002.6596725858562
1762278730.4034579,5112.547916188076,819.9157273305285
1762278730.5157146,5117.033707621847,1051.9269141120978
1762278730.6263855,5118.521668104582,1196.3319845321696
1762278730.7268782,5120.075237051631,1152.5596000714465
1762278730.8406549,5126.862848611113,855.4064332570019
1762278730.9559119,5126.267338396024,1034.980070259883
1762278731.071599,5122.937494359991,1152.2473943023529
1762278731.173823,5125.509128788034,1007.047525424563
1762278731.2892058,5133.542324160942,1150.8006192017738
1762278731.4044137,5142.107717331912,960.0976840644992
1762278731.5076065,5146.168371919651,902.3862068472665
1762278731.623445,5145.544606801848,928.3944097785819
1762278731.7238808,5148.405377423046,812.5959845414551
1762278731.8393354,5157.26842483209,998.9235043078731
1762278731.9543064,5153.846230168101,1039.8971934078797
1762278732.0706182,5149.30401624252,1167.6911828096397
1762278732.174382,5151.801292571273,1039.0458480913476
1762278732.289283,5165.481475546885,850.6952082989642
1762278732.4048922,5174.757420730507,826.2856229946946
1762278732.5209205,5168.5207284481,840.3740309215864
1762278732.6223836,5166.941963990863,1101.2166459556165
1762278732.7385187,5165.992020558826,1011.2852779381416
1762278732.8545597,5178.716982626139,1176.9390246019932
1762278732.9562533,5179.843463373027,921.0858518488329
1762278733.0569959,5185.570218943031,928.2892941879063
1762278733.1727595,5187.329783105468,1096.37570739025
1762278733.2728343,5189.9579913201005,1073.2980599083635
1762278733.377475,5191.527482831688,1149.6700855492504
1762278733.4887269,5193.88844732562,872.6643979992524
1762278733.605067,5196.989474370326,1184.9075212389546
1762278733.7211735,5201.381882570936,1019.0264503517689
1762278733.83674,5210.034046735276,1192.372563609468
1762278733.952673,5215.180721510775,967.2415961468985
1762278734.069252,5225.768544688606,1146.0654819995511
1762278734.1761556,5233.7913236369905,1182.9182207717433
1762278734.281032,5236.337096511817,1141.267002886415
1762278734.3913147,5240.098142948166,944.6515628733578
1762278734.503937,5239.066220336151,920.4684643768963
1762278734.6165733,5235.658364466623,925.8955824879552
1762278734.7287629,5238.125934342397,1199.3856872579724
1762278734.8401432,5235.685319477467,1167.2197771117198
1762278734.9563863,5234.239773054064,1126.9507372952069
1762278735.0718794,5245.800854579594,801.1153235232852
1762278735.1876786,5253.941552372275,980.4092258706413
1762278735.3038762,5253.222087041499,898.4321655753031
1762278735.4197001,5258.091271715871,1076.9140965932052
1762278735.535869,5255.89580972833,1059.996180633428
1762278735.651379,5259.755539656333,872.0208961749614
1762278735.7658737,5252.575667521571,1020.9938688823777
1762278735.8770287,5250.328103295501,1155.4908550111775
1762278735.989301,5252.254911170284,1070.9285796003458
1762278736.0897028,5245.885160661587,1096.5138910665228
1762278736.2045,5237.200772338299,1112.440162737989
1762278736.320085,5226.264064939748,943.0582077130551
1762278736.424901,5228.725208016556,921.6515009107133
1762278736.5387285,5233.001568041429,895.0046170552419
1762278736.655248,5237.483830040175,1078.481994311136
1762278736.7699423,5239.47106881842,1035.5617582345972
1762278736.8732228,5243.151228365404,802.3697143460752
1762278736.987991,5243.649838024128,1136.8938206922855
1762278737.1042206,5246.301839943382,1148.2278715538446
1762278737.2204578,5244.936323517928,919.2987208080466
1762278737.3227167,5234.068659426616,877.6411698406322
1762278737.4385235,5234.6133612208405,1100.53925898838
1762278737.5395563,5228.4899303865195,958.1725902724841
1762278737.6557403,5232.904251828865,893.7709808528575
1762278737.7712257,5235.783301112215,1025.9151654384023
1762278737.8861213,5232.167993327481,1173.8146683627133
1762278737.9973667,5233.203747434196,1000.6862199802588
1762278738.1088896,5229.553054395328,936.4983746731775
1762278738.2185867,5225.404730532785,850.0573506197914
1762278738.325909,5211.11750172295,945.7514275455178
1762278738.4388885,5209.019138787161,937.4173643502687
1762278738.5547154,5203.283688530216,1034.4044100149108
1762278738.6713798,5197.5450173718755,1039.4961572828256
1762278738.7714121,5193.824616613812,1190.4102680986507
1762278738.887483,5193.093666387784,1120.8420973100137
1762278738.9895048,5193.992112462001,846.4879687794141
1762278739.1052349,5196.43653948737,1057.9790791525693
1762278739.2056377,5198.3522190898575,804.810583325128
1762278739.3208025,5193.253905914466,1103.8624184833632
1762278739.436636,5187.467666355157,1121.5580522001069
1762278739.536652,5186.868914964244,1144.83840506606
1762278739.6390905,5182.121196033689,883.1551928631031
1762278739.7554839,5181.431707205285,1002.5597370445846
1762278739.871934,5178.308603244178,1182.503200429002
1762278739.987638,5173.805238958331,1103.4666549232998
1762278740.1032732,5180.6107221099,1161.796399445473
1762278740.2189724,5177.610537008452,1047.5487150790234
1762278740.3346963,5161.638115630646,804.0917428282152
1762278740.4507945,5165.031424806764,1070.2138445379755
1762278740.5507975,5163.734735397565,940.3368951670794
1762278740.6558497,5159.566770324411,870.2300905733523
1762278740.7720377,5151.577332406624,947.2904120025717
1762278740.8721025,5145.142207140126,1138.910772557384
1762278740.9877508,5135.163796731352,924.9622810777677
1762278741.0884063,5130.792210529614,1062.0042072498245
1762278741.2040231,5125.781297540506,899.1984910446816
1762278741.320163,5122.201038530628,1037.3796431919916
1762278741.435576,5115.473480275265,916.9041879548677
1762278741.5384495,5110.410493343671,1030.1499618315975
1762278741.654434,5106.42098526685,1050.9200779091173
1762278741.756517,5109.846891824474,1155.95786807715
1762278741.8671448,5105.46318817698,988.0130606390069
1762278741.978411,5096.485261932955,1152.3925398052318
1762278742.0888302,5087.650117914559,1171.2982863030138
1762278742.198689,5080.484226042388,885.0183285511772
1762278742.3054585,5076.868968173134,1141.6665422299131
1762278742.420225,5060.927976218935,1121.0799909630618
1762278742.5363832,5054.608508994668,1059.0445484309744
1762278742.652434,5059.1724481685405,967.4647107697671
1762278742.7546158,5050.9787336659565,982.4660844906456
1762278742.855793,5042.525326948103,856.0248943722466
1762278742.9705193,5038.979158187175,919.3078284434454
1762278743.0870461,5038.225118327864,834.7837714833815
1762278743.1884875,5022.718049696125,949.2393420942233
1762278743.303669,5016.632126329944,824.269885450163
1762278743.4195697,5007.0695999558675,847.6150195341535
1762278743.5227818,4997.556864371305,946.2052991493329
1762278743.638035,4983.795474711908,852.8680017473592
1762278743.7562811,4974.095586951767,878.1306335946944
1762278743.8721297,4968.48333058062,940.3897975423042
1762278743.9883523,4969.456637186959,886.1455920329926
1762278744.0888693,4967.556430412602,1029.439922742163
1762278744.2049472,4966.060893830168,1169.1697515240244
1762278744.3053806,4963.708898137392,1055.971135031574
1762278744.4209652,4955.497094521426,1159.694419740186
1762278744.5224495,4951.31224908115,834.1478296003972
1762278744.6382706,4939.962204560909,1064.655235202421
1762278744.7541254,4936.006474642144,815.831045021858
1762278744.8689787,4932.020274330699,978.726193649723
1762278744.9845538,4921.99789426705,900.7627839843549
1762278745.100544,4920.091918447287,976.8418992249012
1762278745.2054923,4912.920437533367,1157.8106670204609
1762278745.3206077,4902.5131751427725,843.0975034267034
1762278745.4358313,4897.272008166913,927.6745788848466
1762278745.5401254,4897.1659633957,1033.6884430288878
1762278745.6498618,4892.258134596547,974.2053392212786
1762278745.761385,4880.259577679145,1099.5706968501686
1762278745.8672104,4876.15207332135,903.9544772399224
1762278745.9695659,4866.945318680112,1027.6504808703453
1762278746.0819578,4855.588398425644,1028.2862208083022
1762278746.1942782,4848.758522837799,840.6187480400072
1762278746.305421,4839.371684407673,800.3235687603567
1762278746.4208405,4833.793765828007,825.8869124811105
1762278746.5210264,4821.324744629293,1032.1190555671772
1762278746.6374052,4817.50141494742,972.5975434155246
1762278746.7379687,4818.273220341603,848.5672824220145
1762278746.8536198,4812.965212104029,857.9143842915424
1762278746.969406,4810.544219906222,1054.055682742327
1762278747.0695019,4815.110135973084,854.2941741961622
1762278747.184717,4800.0337282137925,811.4035956294217
1762278747.2880387,4794.28529760787,1073.747448151234
1762278747.403903,4796.057502551831,1034.6998950719053
1762278747.5197546,4793.489660550431,1174.32029287726
1762278747.6354892,4786.072569237698,822.9615301688282
1762278747.751811,4773.043256576664,1083.3370482678974
1762278747.8548496,4761.220856705974,931.8698919814057
1762278747.9709177,4757.209446595357,913.8457970015405
1762278748.0876431,4750.1558354855515,892.2398295753769
1762278748.2018733,4747.1417774277725,1037.9033602054403
1762278748.3177414,4741.026177462074,1190.361842269585
1762278748.4338515,4733.869299917743,805.0935399862257
1762278748.5383923,4726.028875390607,1107.8623771429595
1762278748.65476,4721.411557999455,1015.6157393809812
1762278748.7694626,4721.460406115221,1185.9209196688128
1762278748.8716705,4715.94623801979,1079.3000300735985
1762278748.9716809,4712.966344238007,1015.5762470864998
1762278749.0875475,4704.4459363319975,1101.6467455050813
1762278749.1876009,4700.5887879736665,857.2973468668382
1762278749.299135,4697.656105705314,868.929563231045
1762278749.4065485,4692.147951623675,1047.6008108336825
1762278749.5094976,4677.837281773109,894.6411998595161
1762278749.621696,4672.666021725317,1166.135099230113
1762278749.732682,4669.89117203003,1039.4921213608006
1762278749.8420327,4659.098949443624,1139.7572876731447
1762278749.9620564,4654.772409504679,960.2812833274298
1762278750.064784,4639.371280329728,1082.3519153190007
1762278750.175104,4629.893719650386,1164.4108323622315
1762278750.2868323,4614.800069182814,817.4240846160485
1762278750.3881557,4605.522555163455,921.3813627546041
1762278750.5035534,4603.550665578065,1169.7072342205224
1762278750.604939,4596.637838229175,813.1910414745644
1762278750.7210696,4593.569538786279,1190.4583086579482
1762278750.8370118,4585.377411210306,935.476812264551
1762278750.9385226,4578.589743579918,939.1457279370986
1762278751.0526924,4565.528667472831,903.9011569601005
1762278751.1684964,4555.658732967716,973.7936742100205
1762278751.2709794,4554.832583497451,1014.3676756197667
1762278751.3869002,4549.535928976694,874.0800658569877
1762278751.5022352,4535.455191119995,1137.2722368970508
1762278751.6184158,4518.285962504927,1179.5127877954349
1762278751.7213202,4518.425940159218,1072.157590247275
1762278751.8374949,4507.55866787413,972.4756491876221
1762278751.9531689,4495.513854791266,1055.5423375275075
1762278752.0548885,4487.746546288735,1048.7040905467038
1762278752.1707172,4477.345037390521,897.5505550388641
1762278752.2871885,4469.79947989973,1193.724523452247
1762278752.405544,4459.899472492091,1154.621510274166
1762278752.5192704,4447.206194291129,904.3108623339803
1762278752.6212037,4436.8908031033825,931.4511234171841
1762278752.7371397,4421.290957756857,939.3630021330223
1762278752.8534164,4418.682923313097,802.8862370417069
1762278752.95443,4411.604115326556,829.6910400212349
1762278753.0705807,4400.035045240165,958.5504037659991
1762278753.1869934,4399.833102193126,891.691663282278
1762278753.302876,4389.257856899797,1110.9954879427578
1762278753.4042532,4379.185696161593,1033.436140435563
1762278753.5202684,4374.683690735475,1119.876113215354
1762278753.6209679,4362.024852444692,1071.513190829068
1762278753.7370038,4343.546069396362,1116.9239054599159
1762278753.8528028,4336.748933499294,1125.294544338624
1762278753.9690125,4332.321331169061,1059.5063485933172
1762278754.0847518,4315.5159624539865,978.9160050571529
1762278754.1876774,4314.328664899943,971.0303401500985
1762278754.3027604,4301.799156871839,996.712846737852
1762278754.409744,4289.885467046421,953.3957946761761
1762278754.5099955,4280.678823316712,1043.820404502176
1762278754.619953,4270.134364694839,857.0692102744645
1762278754.7327633,4262.812966773908,856.6995449705103
1762278754.8439088,4261.460219774608,878.3975965577855
1762278754.9542289,4259.949368381105,1151.362079915572
1762278755.0697722,4251.53079727192,1033.5515394949916
1762278755.1858375,4240.604952436346,806.8836979536436
1762278755.2875164,4229.071988939064,923.4066756781195
1762278755.4025927,4215.57179478535,871.9771318089829
1762278755.5038605,4208.525165672808,819.5310121102813
1762278755.6200268,4200.697692351778,928.3600229474937
1762278755.7359517,4193.519887814601,992.0742833555138
1762278755.8518634,4182.461122155404,1198.6572184919316
1762278755.9676683,4170.043408622049,863.2752819330225
1762278756.0704243,4158.821262239088,966.2643531523045
1762278756.1865215,4148.5127522369,969.6137119000533
1762278756.30248,4142.139666471113,1062.801173361651
1762278756.4183755,4131.166315202419,1024.7630388431799
1762278756.5330718,4121.0075574458915,1148.3803385908418
1762278756.6361792,4115.756817600179,812.5895254393469
1762278756.7362893,4104.757145117673,1046.8097094553316
1762278756.8364983,4097.125848121098,1185.4163008526255
1762278756.9519536,4089.9327273111016,846.0957195700106
1762278757.0681374,4081.975361361141,1035.1408640669342
1762278757.171052,4073.919323103382,838.4849935995736
1762278757.2858453,4068.2706612495776,1042.358566188671
1762278757.3858664,4061.054343210484,1027.1198261992097
1762278757.4892545,4047.2775080393576,1107.952912157149
1762278757.603729,4038.2577172742467,949.5085370353331
1762278757.719967,4035.4488304811225,1059.1977868083304
1762278757.8363805,4024.555747245857,888.3585284585603
1762278757.936384,4014.450800713041,1048.154080253622
1762278758.0514627,4007.994311856294,1182.983486225129
1762278758.1672993,3993.1794149231637,1065.4290067717543
1762278758.2702782,3982.095152184169,948.4582859106227
1762278758.3861437,3973.4827295635787,1016.4770694717284
1762278758.4883316,3965.7270409725284,876.5192519110839
1762278758.5972977,3959.628693674898,1099.5729259648554
1762278758.7104096,3955.8061144980243,991.2520313325185
1762278758.8252978,3953.027664585332,944.7999927087938
1762278758.9374948,3951.5608620461376,869.2047981579913
1762278759.0532882,3945.8559963440634,814.8584904697902
1762278759.1688187,3932.6518970221036,956.3195244382997
1762278759.2845356,3926.5690395163947,1140.992055213671
1762278759.3864434,3912.0886607019997,866.5142643527824
1762278759.5020359,3907.005263889301,1086.7666426505305
1762278759.617854,3898.991707256923,866.987353894071
1762278759.7339194,3890.65934330862,1198.426244781233
1762278759.8500583,3883.909139980792,979.7498565370186
1762278759.9534824,3877.2432293790703,1130.5321803762413
1762278760.0696678,3868.5636126426925,1199.1562570561975
1762278760.1703246,3861.5847671709344,967.207433550499
1762278760.2867453,3859.231583880432,842.7966686944978
1762278760.3873577,3852.3271949926248,800.2244041969262
1762278760.5028164,3846.9916160028383,1165.1359917598265
1762278760.6193674,3834.020835241668,863.2089789595439
1762278760.7349987,3831.2180357923794,920.8583645458517
1762278760.8507428,3824.778882442192,1004.7923181638157
1762278760.9668212,3810.2740440101434,840.288841881592
1762278761.0699325,3800.993759067722,1174.911131526574
1762278761.1864576,3790.391721916946,1056.049329329754
1762278761.3010793,3780.942289873663,1032.1177037818711
1762278761.404684,3776.57335103853,898.6487278593941
1762278761.5181348,3770.424608261915,998.6221651244908
1762278761.6197174,3757.7045878452527,1085.5430938365314
1762278761.7359476,3751.290308251828,881.4105451381196
1762278761.835974,3747.7060163402643,1155.3288150015992
1762278761.9513428,3737.6519716349508,912.0021572858977
1762278762.0677319,3733.922309540018,922.4481358758104
1762278762.1692138,3732.5545073817134,1069.5393363051908
1762278762.2692242,3727.4203449578476,1099.1744687377702
1762278762.3692772,3719.1205058603696,1083.402490703933
1762278762.4857383,3721.0953735988683,1010.8023481238853
1762278762.5955064,3708.318043017167,1185.8563560287962
1762278762.7055514,3706.4005334602407,801.4293130659619
1762278762.8144233,3697.7888296135634,936.6899737369054
1762278762.9256134,3696.6395322374947,1000.0359527023451
1762278763.0378842,3695.1957227326916,1171.2955826385753
1762278763.152887,3692.785279801663,808.1866070693047
1762278763.2690074,3691.973135966644,1184.8915205960855
1762278763.3695319,3686.8184962019927,1092.014386155603
1762278763.4842136,3678.9733239147804,891.1901998444733
1762278763.5994632,3677.0109687026124,1162.9587169121537
1762278763.7028706,3674.5364445346536,881.0941152438279
1762278763.8190799,3674.389901241798,999.646606748281
1762278763.9353862,3670.9460122974824,819.5031516040085
1762278764.0507512,3666.4440829957175,936.5246404299202
1762278764.166843,3657.2163929585504,1005.9363560946595
1762278764.2827144,3652.338949024866,1187.9690179888203
1762278764.386352,3647.944778143742,1164.0932999896017
1762278764.5021615,3636.8406102581034,851.6534976509574
1762278764.6021936,3633.5126926574285,982.0546147846447
1762278764.7187166,3631.280132187193,906.0004719802798
1762278764.8191504,3628.757609506949,933.3431886980343
1762278764.9347217,3619.430241288133,1159.3980016734001
1762278765.0507698,3617.3088699910436,950.1460785228824
1762278765.1526134,3605.84478058316,962.5234242862298
1762278765.2686768,3600.717639260006,1044.076415837479
1762278765.3842516,3596.139901429366,852.4393401264367
1762278765.485471,3592.565856624748,889.2834732734424
1762278765.586206,3587.6370976025482,1125.1168351427025
1762278765.702064,3585.9313308794653,856.0441144765816
1762278765.818337,3584.5582609515677,1038.486047245746
1762278765.9328706,3580.510145453556,870.9584576169254
1762278766.0329442,3577.0564411409364,1030.4965115211435
1762278766.1357846,3567.962736953865,823.1949248151176
1762278766.2510734,3554.943023319576,1089.5492319071607
1762278766.3526955,3548.5556978707823,1096.3474855580382
1762278766.4557314,3537.155417379793,1036.0804202932698
1762278766.5646038,3528.6125876087785,892.5507945794277
1762278766.691377,3532.881069621691,877.2954327696867
1762278766.8091457,3535.311228691758,1019.2181841331735
1762278766.9098017,3533.428194407787,1129.9216480391956
1762278767.022492,3534.6019138021175,1038.7737529801484
1762278767.1351895,3524.6262359461475,803.1396115177677
1762278767.236402,3525.2370133910936,925.5719852052483
1762278767.3520613,3524.4562980725073,1178.2627919402019
1762278767.467851,3527.970142569807,925.5115217381046
1762278767.5831373,3520.5750021246668,1014.1480582153265
1762278767.6989965,3519.2144718584486,937.135914655905
1762278767.8151045,3516.294077108247,870.2948047917947
1762278767.9151103,3522.992806172043,1106.353181049895
1762278768.0189395,3519.53026450197,960.3954627622176
1762278768.1351476,3519.459361539353,1067.7423785153064
1762278768.251009,3514.736743641554,1088.4148914459802
1762278768.3522189,3511.9881437084928,838.1580580518233
1762278768.452744,3506.3876800637045,1169.8092170077389
1762278768.5687103,3501.447438707847,1090.4073147624104
1762278768.6850736,3500.4769438015137,895.3865857222713
1762278768.8012762,3498.5321528536733,930.9533744482511
1762278768.9160936,3494.3939678949178,1094.4287690439583
1762278769.0271862,3494.611827920339,877.1218511765696
1762278769.1383138,3496.903181477431,1088.4647372699424
1762278769.2513876,3499.098279975852,1061.6901167795372
1762278769.3544078,3504.127243424908,813.9835084786101
1762278769.4679058,3502.780096866255,1171.6523008223871
1762278769.582695,3493.5892974163216,842.6949735753278
1762278769.6827214,3495.774858220323,1138.9165570101745
1762278769.7848158,3497.745501859447,875.0119173484522
1762278769.9007454,3497.9891934567777,1091.5600714661964
1762278770.0172644,3498.8830902855966,1071.179262956191
1762278770.1189456,3501.904497748572,956.514411421831
1762278770.2343235,3501.2397563938134,816.9304030835135
1762278770.3489873,3496.737295751962,919.3314670638993
1762278770.4650853,3493.677724763687,1095.5240049257675
1762278770.5688796,3490.050990223153,866.8106112145927
1762278770.6840756,3488.111683915064,1191.161437627984
1762278770.7841582,3487.3262353778528,987.1414912393207
1762278770.900751,3487.8452512013605,1192.276657281161
1762278771.0173876,3486.9913016474625,932.9971261351063
1762278771.1180372,3484.891831237103,1177.77052798448
1762278771.2334836,3482.0399000625566,938.7469792834274
1762278771.3343492,3483.3918748611854,1116.1493587747282
1762278771.4452767,3484.3040738856084,808.7367084614917
1762278771.5570073,3489.634791629256,895.8138498804869
1762278771.672368,3487.5260394579377,808.0972972611784
1762278771.7862465,3485.5364408811524,810.5028616192219
1762278771.9007626,3488.6227576112615,1133.0067498335588
1762278772.0170438,3491.139616150057,1066.8414804585211
1762278772.1181233,3486.1856825325854,1004.4554142883285
1762278772.2344797,3478.2991376339864,1189.7696006804663
1762278772.350831,3478.246209187811,986.201584732969
1762278772.4666398,3479.656548107059,1168.7495129598958
1762278772.5680747,3474.691376611992,804.1141206309983
1762278772.6843934,3470.522261368911,1152.632545882318
1762278772.7998688,3470.516906898965,866.0501470312474
1762278772.9015589,3470.7853766622843,1002.8604403447171
1762278773.0171473,3468.609212539153,1129.3036224294842
1762278773.1325624,3473.1383006403366,1065.6037999250962
1762278773.248309,3473.255545975726,992.5360933155765
1762278773.3645093,3470.0494405900126,1157.7125878135528
1762278773.468512,3468.6299012564496,886.1247439907737
1762278773.5849385,3466.1690426575565,1029.0830385009797
1762278773.7011995,3462.679053374654,1137.7277641499445
1762278773.8198738,3464.706610530301,957.5616332230494
1762278773.9327488,3460.48384083673,1096.8670377983535
1762278774.0482183,3463.2873863509676,831.9005257293919
1762278774.1640797,3463.7574473625273,1030.9076895479761
1762278774.2684026,3472.8303778867107,1175.9056038936765
1762278774.3864489,3480.6819967860615,1078.0529027055097
1762278774.5033216,3487.7035145582645,983.8689722926268
1762278774.6177454,3491.9875115382006,826.0401180628924
1762278774.7184443,3494.9694441830716,949.6689466481
1762278774.8345654,3494.372219126698,839.9548724843397
1762278774.9349442,3495.3412168795635,1072.2323649064588
1762278775.0508113,3498.232558399936,1111.6155958094046
1762278775.167548,3499.1339384881653,958.7254600704646
1762278775.2677357,3503.2546026261125,939.750944767444
1762278775.368054,3502.7768510922583,802.7474587107547
1762278775.4793584,3503.6911856316074,1080.208105835295
1762278775.5883782,3509.805069084936,1083.2065957971704
1762278775.7032897,3514.121518407612,900.1249437090785
1762278775.8123384,3516.546312565763,959.0571671273694
1762278775.927694,3522.0934863383327,953.9590084022445
1762278776.0437522,3525.5907519084267,1032.8914970338863
1762278776.1565986,3525.382142145191,1018.9003781502516
1762278776.2681646,3537.7694947464074,855.4187872405291
1762278776.3842583,3536.087692392064,1196.6174294962675
1762278776.500102,3546.7674963132786,839.6811553623493
1762278776.6014645,3547.3138928833464,961.9998645739246
1762278776.718634,3541.121312857831,812.9975751239971
1762278776.8338637,3543.915332508908,882.5017123936487
1762278776.9341724,3541.408891287588,858.0238645792197
1762278777.0344648,3542.5451496026203,1166.2324630670857
1762278777.1489382,3550.238829058204,801.8726265982998
1762278777.2505891,3554.043620583215,1047.680215794394
1762278777.35077,3554.776278409803,807.150846801285
1762278777.4513035,3562.7304190113964,1092.538766579977
1762278777.5675485,3571.260347391553,993.2248367088807
1762278777.683233,3575.897360843839,1126.9160925431195
1762278777.7990987,3580.6911244783482,1083.598869148376
1762278777.9030566,3581.878131914991,1117.026980391795
1762278778.0177774,3583.2626719502064,1095.936015432701
1762278778.1338181,3585.7920050946423,826.9033389786598
1762278778.2343976,3594.6236643180964,1096.6878196064652
1762278778.3500009,3602.792551153525,1164.3023700031417
1762278778.4656265,3608.7055145352642,1038.1811438016382
1762278778.578608,3616.888649566378,982.9249430828951
1762278778.6860034,3619.5637754856734,1107.3203413972867
1762278778.8008869,3627.5429595586234,1143.1675918512374
1762278778.9171727,3633.903340656144,1126.538728050635
1762278779.0311677,3639.988108891168,935.6530538773538
1762278779.1475244,3645.808407575938,1043.3712164440235
1762278779.2505088,3651.130969473442,1033.5604597433157
1762278779.367112,3656.075578097566,963.107791000811
1762278779.4757137,3660.323396351661,857.3425889021674
1762278779.58705,3659.7828692251164,970.9183583151206
1762278779.7001255,3664.6680285932403,1139.2187549900764
1762278779.8044846,3662.502678902972,816.9532848578915
1762278779.920897,3669.537762848728,934.5721452936787
1762278780.0314107,3676.021185376766,818.4752555764051
1762278780.145637,3676.02682591591,1103.4844723400977
1762278780.2614574,3678.573235200327,963.0358876621374
1762278780.377428,3681.405962910738,844.9040226752577
1762278780.4909823,3688.8714405876312,1004.6127766272525
1762278780.6026444,3689.3689227465024,1175.4245017513006
1762278780.7166436,3690.3869509419055,995.8021503265766
1762278780.8317862,3698.2444473326104,1174.967500388043
1762278780.9334009,3705.745618504465,829.652748173617
1762278781.050022,3710.5806493949594,1103.1221471429908
1762278781.1660619,3724.6211020279493,1002.880051301989
1762278781.2669022,3728.7816014639466,985.8337063798083
1762278781.3818817,3737.838988586809,875.010382787848
1762278781.4975364,3742.347231398486,1039.4573969226365
1762278781.6136355,3745.3596763935107,1015.1143167313405
1762278781.7298446,3754.2607754810865,834.3896828509049
1762278781.8459826,3767.045888482027,820.4835163919306
1762278781.962143,3773.9388576616307,1190.9615971408853
1762278782.0777915,3781.677202539234,1087.4449765073025
1762278782.1908343,3786.5039122409694,938.8641395718903
1762278782.3024375,3789.6542071639715,844.8121831093256
1762278782.4156463,3793.8113140157443,1166.1003920238772
1762278782.5170045,3808.2371475069035,927.3883493138985
1762278782.6330805,3819.6517030145824,903.9200289885541
1762278782.7331457,3825.4163066511474,948.9318781579447
1762278782.849001,3831.506395101634,837.3670738123775
1762278782.9653375,3837.6946774244807,993.0690576339271
1762278783.0665,3842.9794486188666,977.5956847951205
1762278783.1812003,3852.0136775197216,918.6629635587421
1762278783.2970445,3860.1556601450784,1136.7852174412474
1762278783.413343,3865.8812182218276,1122.523472764956
1762278783.5288732,3876.364292602006,1126.0582083126108
1762278783.6451242,3883.716959980513,915.1175303347285
1762278783.7604713,3892.693923815318,845.6628358629978
1762278783.8759804,3897.4606824957245,1068.660014371551
1762278783.988462,3897.840418165513,820.591645878536
1762278784.1003835,3912.4458549557257,1122.462968203275
1762278784.2158678,3918.493262350301,1071.2599261003252
1762278784.3323562,3922.587645809203,802.5923560417832
1762278784.448837,3924.8931869783937,907.6624788121338
1762278784.550161,3935.957727236092,954.3547214752131
1762278784.665805,3950.7223116279365,948.5018804622267
1762278784.7812104,3963.53252065585,850.6113021575377
1762278784.8970194,3970.9583793823413,902.7105030745506
1762278785.0002117,3977.8083582548697,1090.4512359822004
1762278785.1161854,3986.1979677797103,1003.2365135685184
1762278785.225667,3987.449046104825,1140.5810838253076
1762278785.330387,3997.511415965651,884.0628774123902
1762278785.4400396,4008.19695973242,1156.7651403612062
1762278785.5563283,4016.6364957618366,1065.945076595557
1762278785.6662111,4028.948296418778,1075.5378476138958
1762278785.7815042,4033.9378739804765,937.9638171360235
1762278785.882614,4038.028469794051,1143.8452475901952
1762278785.997366,4045.8912762552845,1086.439062003486
1762278786.1031325,4052.1760439088557,814.4296871979647
1762278786.205213,4057.4449272414995,1171.0109115288872
1762278786.3062541,4063.467280633174,966.014188801188
1762278786.4090567,4072.200020030284,1114.8811472257153
1762278786.5202918,4076.856469734885,1079.731718280111
1762278786.6340065,4082.5803404502135,1104.2424787417099
1762278786.7340565,4094.716511469852,938.0339964381378
1762278786.8345764,4093.8561301462373,1060.45249994512
1762278786.935439,4110.095698137514,1114.7321171961128
1762278787.0512118,4122.378448732073,1160.831791895484
1762278787.165925,4125.207827491026,1180.650323647467
1762278787.2713099,4131.378397604282,1110.8541971380441
1762278787.3844516,4140.5763568915945,974.6147623572382
1762278787.4879007,4153.148108417914,1139.4865175216303
1762278787.5896146,4161.993444920069,886.1417439786223
1762278787.7048798,4169.458152185971,1165.5131949451184
1762278787.8184543,4179.5431496935735,1173.710097793883
1762278787.9322433,4195.565248606107,809.3204185699775
1762278788.0330431,4210.242344448874,949.5966121902783
1762278788.1331925,4212.0575438815895,1090.0259600358206
1762278788.249045,4222.579489653218,1175.3295644880388
1762278788.363639,4242.069322120124,1050.9286825237027
1762278788.4793336,4250.481849923902,1188.112450326772
1762278788.5955489,4254.770273071813,882.6052160660649
1762278788.7110567,4262.079451903603,1068.0392977338333
1762278788.8259304,4266.217625905543,1184.8877753605655
1762278788.9395707,4269.237659712384,1060.5960560927945
1762278789.0510035,4275.177189931435,878.1519237071808
1762278789.1657543,4284.53792955412,1057.2405586865254
1762278789.2756014,4296.815543028606,1065.5242581213724
1762278789.3883843,4305.589801171809,875.2323352404364
1762278789.501704,4320.2879346611,1110.770454571059
1762278789.6098163,4324.4771367016665,1144.348968849692
1762278789.7196786,4332.328520031286,1094.841308240834
1762278789.8207605,4340.653146778919,895.7366965704271
1762278789.9318771,4346.916706129923,981.352066959792
1762278790.0332673,4347.483552619749,1068.5304461614844
1762278790.1483793,4357.816743330474,1032.2656157688325
1762278790.2643034,4359.603450101785,994.8311940801939
1762278790.3805668,4369.742106739548,1049.2838779049605
1762278790.4847074,4388.140159763103,1045.678816303529
1762278790.5988748,4398.433868314637,1017.8754013837652
1762278790.7145858,4416.871118126031,927.6908889213012
1762278790.830528,4426.649276084544,843.7653011896008
1762278790.932373,4432.092195234963,934.3506174493291
1762278791.0488563,4444.598500946365,862.7421770437421
1762278791.1650608,4450.133405505274,1027.836508592319
1762278791.279752,4459.500206459266,1123.576789795959
1762278791.384694,4475.498778529713,1014.7960481962025
1762278791.5011437,4492.0849688115695,908.1140719069481
1762278791.6152565,4505.022742489262,1001.1908189917937
1762278791.7309046,4511.326255435394,983.1738348968611
1762278791.8325229,4528.093962580402,1196.6712344782677
1762278791.9482706,4537.30974336605,898.6868284883159
1762278792.063923,4553.107980729937,822.1177644541623
1762278792.1794696,4561.981295116074,848.3390289980086
1762278792.2827733,4577.743234437685,1111.3224742409243
1762278792.3983917,4587.048571671076,915.6481969905124
1762278792.500972,4599.894225922793,916.8221811328135
1762278792.6152833,4609.906874938721,1038.50590591775
1762278792.7157705,4607.712196137736,1192.1123373169726
1762278792.8318024,4615.457833226134,1057.8273545418765
1762278792.9476318,4618.771169373525,1135.8476975186086
1762278793.0619662,4623.912096689557,802.0300747104695
1762278793.162139,4639.967959420705,1034.0818746289567
1762278793.2736878,4647.795740487079,1072.7294716935016
1762278793.386486,4646.230918614356,881.3972514713275
1762278793.5007071,4652.593646719652,979.1084821340833
1762278793.6157966,4666.932167810651,1197.88991227833
1762278793.7319415,4672.747369699935,915.4110285675994
1762278793.8478465,4685.442302997935,1033.873618311793
1762278793.9636743,4689.869876763351,967.2064973045592
1762278794.0790222,4700.828668200764,1162.0105527343194
1762278794.18304,4713.264085681216,1156.888463102835
1762278794.3004193,4719.52789779569,943.3066776150041
1762278794.4142785,4731.398753918251,1036.6637667115838
1762278794.5155947,4741.157940091865,1169.13184736707
1762278794.6318755,4747.774500603841,1005.8781798154314
1762278794.748451,4755.055501811306,881.7953320366387
1762278794.8642836,4766.408694705721,876.3605943631278
1762278794.9652433,4782.318063437889,1173.322138034414
1762278795.0809824,4784.438280835842,979.6581893274613
1762278795.1816082,4795.775820166467,957.5592125181115
1762278795.2975142,4798.461891058186,844.0514608103508
1762278795.4128428,4804.7256616451,1101.3979103030724
1762278795.5290432,4817.5777208240615,1053.3948084742551
1762278795.6313639,4822.679363707094,1051.804688802254
1762278795.7315986,4834.342859338604,1007.5256429686676
1762278795.8475661,4836.682468237324,1146.5301228176195
1762278795.9486387,4849.126498147174,1027.7394717738086
1762278796.0645823,4852.679452387254,896.0659517430129
1762278796.1653233,4849.798036309888,1142.727457714857
1762278796.2815092,4857.625949706569,1093.3712909733254
1762278796.3962724,4863.580102178966,1057.9261018982797
1762278796.512355,4872.852172410223,999.924098121552
1762278796.6281953,4879.280253405332,822.3273050493917
1762278796.7321942,4886.346033607533,1110.8722159887961
1762278796.8484695,4905.064278086373,808.3045012677024
1762278796.9632893,4914.504155743188,1193.904398576078
1762278797.0799494,4923.332763245591,1145.0911528568836
1762278797.1811085,4928.8323042792,822.6531862070713
1762278797.292214,4934.949927356018,802.3498090047535
1762278797.4047859,4941.238431859621,1034.618227501846
1762278797.518945,4947.479376275905,866.2675062968898
1762278797.6304035,4942.916328878408,1190.3413069241315
1762278797.7312624,4944.463319757808,901.8399253267335
1762278797.8471632,4945.114481945163,1098.4253934043863
1762278797.9472642,4951.222497350823,1156.2990510575369
1762278798.0478125,4952.414331142458,1045.4431016455005
1762278798.1478255,4957.395069204481,998.9572626917544
1762278798.2629633,4966.238269312394,1190.1273939676942
1762278798.3648968,4978.582165155846,949.3172274690395
1762278798.4795978,4989.650788465431,904.1471400593471
1762278798.595412,4993.679312006478,1019.1152703085617
1762278798.7115388,4996.601505082672,880.6383499808616
1762278798.8281696,5002.170954672994,1065.3263165391
1762278798.9310086,5007.884790814152,1047.2000130050324
1762278799.047387,5014.277161793694,889.0895956114498
1762278799.147905,5018.157969618592,1153.8442898633664
1762278799.2625728,5018.024470349525,1190.919846023226
1762278799.3787272,5026.7093386136,1092.1345980842648
1762278799.4946706,5030.418120984448,973.969595681788
1762278799.5984955,5031.626628462673,881.070480631214
1762278799.7131374,5038.01090192212,1103.340716710844
1762278799.828798,5040.784424229927,880.1947503887188
1762278799.9451187,5042.762977254818,919.2661252083099
1762278800.0613592,5051.762631743794,849.6077092202914
1762278800.1640055,5055.161737093121,858.2623958761556
1762278800.26498,5066.0519218458485,954.376502531661
1762278800.3806183,5065.916965192172,1178.089048916519
1762278800.4965436,5070.757201806668,876.9451235678449
1762278800.5980618,5076.15845797396,836.7679959734284
1762278800.714487,5079.564640329037,964.9839701709582
1762278800.8306136,5083.933856639834,1113.4252605060215
1762278800.9468772,5094.062264747979,1179.0822431921313
1762278801.0480814,5100.31461382149,966.3081261354077
1762278801.1629004,5106.054933839589,806.2111811267491
1762278801.2806535,5103.042401693702,1111.009955784953
1762278801.391608,5106.7471405288625,971.336761905179
1762278801.5040536,5118.203798526901,913.3894483921594
1762278801.6150622,5122.267562077189,1127.583340493245
1762278801.7242854,5120.784072477622,1150.4065249471714
1762278801.8307865,5119.965642434263,1064.3710321192264
1762278801.9312682,5129.784802721891,855.5800872762386
1762278802.0472488,5126.6769356095465,968.3338272855738
1762278802.1633594,5131.817456384757,837.073395811175
1762278802.2795405,5140.935716142717,1039.8654619229012
1762278802.3949742,5141.536938226207,907.1005767426649
1762278802.5110154,5151.130719886766,803.3346903662261
1762278802.626639,5166.692278191641,967.1014421798993
1762278802.7432382,5174.83382664021,889.3243373481388
1762278802.8589056,5178.629775838258,993.5372749529932
1762278802.958968,5171.098167014901,1030.0478080479377
1762278803.0750096,5173.590990541826,1142.0178035385736
1762278803.1897168,5173.25237110086,990.2929863483785
1762278803.302661,5170.055445996435,992.983562778025
1762278803.4146907,5167.160280252317,933.9070522874648
1762278803.5305293,5170.051427813724,968.494296179847
1762278803.6307628,5172.822665592098,1019.8601275212002
1762278803.7453089,5175.916371726957,933.8496329275962
1762278803.8616128,5174.346876180442,998.7163727453725
1762278803.9771063,5168.9745680246115,1165.1789520123266
1762278804.0774033,5162.465036732688,916.3608853338438
1762278804.180932,5168.214937461126,808.6546494225026
1762278804.2967665,5172.344475824466,931.2296426627372
1762278804.3996205,5178.315338602928,1170.153886327049
1762278804.5137496,5178.58476051612,915.37835740968
1762278804.6299124,5182.754460959778,808.4456817286398
1762278804.730711,5185.640726865767,1113.8074208403236
1762278804.8470335,5187.925208757575,1049.5183368239907
1762278804.9620655,5183.863542772951,894.7329082800803
1762278805.0782723,5185.903283730629,1026.352759563345
1762278805.1940465,5182.707218772225,1094.2856106965378
1762278805.3036854,5177.035357001062,968.9452632949814
1762278805.4071255,5180.131427958122,920.978364128389
1762278805.5176322,5180.499845638051,1189.2902316064358
1762278805.629234,5181.201279351193,1101.9941207323325
1762278805.7402532,5184.087112249292,909.7405706412394
1762278805.846092,5187.125149759975,850.371065652224
1762278805.9476888,5189.47619932281,897.1279157887348
1762278806.0628014,5191.619711005779,881.2800381978012
1762278806.1791875,5190.824112410268,965.4096819596919
1762278806.2793424,5190.235870253122,1046.5846150177042
1762278806.3948464,5186.380004519072,1032.087095322489
1762278806.5100083,5194.9736307607045,1069.9893100347153
1762278806.6256766,5196.283030634126,998.6682260600859
1762278806.742309,5190.32589208146,959.0277550343567
1762278806.8572626,5185.948209637543,911.5009975548751
1762278806.973756,5179.804235298832,1051.5772029149673
1762278807.0904098,5175.18421851076,1101.7556332548356
1762278807.2052486,5176.0562027927945,879.3541322236316
1762278807.3172698,5177.3956053877855,1067.018530017287
1762278807.4305308,5185.156258658997,828.1267300397176
1762278807.5458548,5184.074023487863,1143.4223779939803
1762278807.6474593,5179.6445775057855,1003.4705311946532
1762278807.7627897,5174.737564845551,1158.2377824732087
1762278807.8783238,5172.056665387135,1155.8062873401195
1762278807.9807363,5168.370421590949,825.913644982117
1762278808.095762,5162.034364168355,939.9168885159536
1762278808.1964402,5159.760195258827,958.3998024239313
1762278808.3127842,5150.973457110546,805.7778242399595
1762278808.4281309,5149.885847477261,889.2377044918971
1762278808.5300186,5138.765624596337,858.9402260137288
1762278808.6464071,5140.246647613577,1138.8286632697266
1762278808.762558,5140.8942752530675,843.0920794164315
1762278808.8778524,5139.998362620127,844.4344643410335
1762278808.9804788,5128.356910712382,1130.7573172928762
1762278809.0965352,5124.856287956817,1090.4199671022538
1762278809.2115502,5116.620811445328,1039.0713662836656
1762278809.3129747,5114.263712767329,800.0159254914956
1762278809.4250414,5109.739804958098,809.5466581043739
1762278809.538891,5104.472984406585,1132.970378516205
1762278809.6662507,5100.212251845055,1035.9690056114014
1762278809.7695167,5101.954943102606,1111.5137114477436
1762278809.8786378,5093.041793284079,860.5548675991286
1762278809.9805694,5086.526113338966,962.375818173078
1762278810.0952115,5086.62572541898,1055.668101805934
1762278810.2096589,5084.039142530649,881.33269383363
1762278810.3118234,5069.201486947293,1148.8115720694154
1762278810.4266694,5069.5761733927575,1051.6410813018879
1762278810.541757,5073.355076264936,854.596031659139
1762278810.6579647,5065.782800803089,1041.008895166001
1762278810.7628443,5050.636093151135,877.1947020026669
1762278810.8640046,5042.035765440832,1117.5976244711244
1762278810.9792838,5043.570118810577,814.6659015489777
1762278811.095407,5037.372698326054,903.7864892192224
1762278811.196145,5027.717274543837,1026.935459413866
1762278811.3112981,5026.197866068957,1185.9581724842337
1762278811.4139779,5023.375283680907,1000.2234794183546
1762278811.5297203,5019.5256335094655,1142.691878734469
1762278811.6460445,5021.223821237651,891.312330505266
1762278811.7622132,5022.634750915456,942.8942709847591
1762278811.8635125,5015.956216172687,1132.839561458342
1762278811.9788072,5005.748339154786,953.4292936417196
1762278812.094416,4999.240288459232,1117.814365780127
1762278812.2106647,4996.509023248333,1084.5414946640533
1762278812.3269281,4998.069693200151,1071.2873820080813
1762278812.430635,4985.82517658815,1165.0428539491545
1762278812.5480907,4984.772920344133,984.1993231159664
1762278812.6615117,4972.879394303555,918.8525411756909
1762278812.7773345,4969.210334289214,1117.0983306601531
1762278812.893103,4952.594282890899,1067.4049853358142
1762278812.9964926,4951.246962468089,895.3078574453583
1762278813.112677,4948.022624484308,1000.373618228842
1762278813.2292082,4938.273272903691,1046.7677420934874
1762278813.3459516,4936.496938631558,1076.8923782622737
1762278813.4587345,4933.148838228358,1071.827665359576
1762278813.574771,4930.614800933761,1166.703701043517
1762278813.6796353,4925.951241117666,879.233938413548
1762278813.7798302,4922.233977164353,1080.0985675688512
1762278813.8948593,4920.252482973561,1175.8741471334552
1762278813.9958446,4911.277600827976,1162.6623965386968
1762278814.1124718,4907.403723200169,1073.6557040486082
1762278814.2285855,4903.680587704935,1076.2665372787096
1762278814.329429,4902.23904916271,1160.7604085333587
1762278814.4443252,4892.801924891033,1087.378948019026
1762278814.5470061,4893.460936428253,1044.768170832297
1762278814.6626894,4881.396741691432,827.9650860353374
1762278814.7786317,4872.895514447048,912.7694038348266
1762278814.894672,4861.445859731853,956.1045873676956
1762278815.0124133,4856.217172837305,1175.203923367269
1762278815.125968,4848.595933267187,839.684325670682
1762278815.2364867,4834.222383916096,911.9177137639847
1762278815.354578,4821.596336720282,983.6081966849177
1762278815.4777794,4822.610040936331,1197.8028369491622
1762278815.5780041,4820.005403416981,1002.1895532006612
1762278815.6897604,4810.143920263345,840.6948981505158
1762278815.8016195,4811.806216921576,868.3753223593769
1762278815.9129674,4801.82921513847,1153.1138077524533
1762278816.0282733,4791.840371926011,1074.501175524911
1762278816.1428576,4788.551459057008,1073.390392370669
1762278816.2581143,4779.7702125105425,940.5705771447128
1762278816.3736663,4775.203469189897,962.8071438773391
1762278816.4874115,4769.4590979722025,897.8796788802437
1762278816.5989628,4768.527501675946,967.6322643855333
1762278816.712109,4760.015975418694,1018.9615573612633
1762278816.8287036,4742.059210969809,934.0307257804196
1762278816.9426072,4725.834037762612,1111.1662773220987
1762278817.0582325,4715.790623995714,894.0653598107858
1762278817.1747868,4703.574989838262,1103.5607974829716
1762278817.2861748,4688.40228878611,1144.2914527773278
1762278817.395134,4680.431869087192,926.7613686968056
1762278817.5101519,4678.233958556785,1046.5148259848693
1762278817.6257877,4680.784838536907,1068.278132869358
1762278817.7417681,4669.779625079728,1075.3293413891547
1762278817.8576586,4660.475866069269,1073.2128632582035
1762278817.9736776,4640.9640044448715,1041.8058332883586
1762278818.0786226,4631.676341127809,1161.2711365491866
1762278818.194887,4624.24674325198,830.1228062512105
1762278818.310262,4615.740602972242,814.3779138076166
1762278818.4264388,4604.88209487002,1184.3541822745851
1762278818.528657,4597.568809519075,1093.9076291186134
1762278818.643882,4578.178811828297,896.0948745063763
1762278818.7597537,4566.593336592318,1002.9640396796808
1762278818.861724,4554.988680273547,1141.2877828679182
1762278818.9770699,4557.97037353122,998.8865804525194
1762278819.092185,4553.64773742758,879.764544968487
1762278819.1948276,4545.211086983513,831.7376117286307
1762278819.295129,4537.330734053526,1177.5139583003788
1762278819.410945,4530.646954598838,843.7088175307879
1762278819.5117664,4527.07943304322,1121.7703242956911
1762278819.6278372,4518.694696331606,870.5106320824806
1762278819.7444818,4515.86699446477,1021.4993487213035
1762278819.8460214,4503.444894358719,1138.849679140455
1762278819.9620936,4490.914561951407,913.1359694718739
1762278820.0620937,4483.969470970378,893.772189485074
1762278820.1735137,4465.6403333831295,867.497471296339
1762278820.2843025,4445.579284423302,1056.855123733403
1762278820.398855,4433.443788501028,908.4644006688989
1762278820.5141823,4418.86773520844,979.249807104764
1762278820.6287482,4412.373140170328,957.8233785962141
1762278820.744881,4401.176132851318,1119.7678266432563
1762278820.8457835,4389.185325713691,1160.510985094174
1762278820.9615133,4382.179320752459,849.8940109943554
1762278821.0766523,4370.452636011534,934.9818042285799
